{"cameraMode":{"drawMode":0,"name":"Shaded","section":"Shading Mode"},"sceneLighting":false,"audioPlay":false,"sceneViewState":{"m_AlwaysRefresh":false,"showFog":true,"showSkybox":true,"showFlares":true,"showImageEffects":true,"showParticleSystems":true,"showVisualEffectGraphs":true,"m_FxEnabled":true},"in2DMode":false,"pivot":{"x":-0.00021392107009887695,"y":1.0294668674468995,"z":175.8699951171875},"rotation":{"x":-0.17970049381256104,"y":-0.03678411990404129,"z":0.006724734790623188,"w":-0.9830131530761719},"size":1.8191421031951905,"orthographic":false}